,darea,empdensity,housedensity,lat,lon,name,narea,parking,paydensity,popdensity,warea,empnear,empwalk,empdrive,housenear,housewalk,housedrive,paynear,paywalk,paydrive,popnear,popwalk,popdrive,15empnet,30empnet,60empnet,15housenet,30housenet,60housenet,15paynet,30paynet,60paynet,15popnet,30popnet,60popnet
0,84.82300164692442,1873.6660350349518,999.9607453563492,42.074,-87.691,Linden,2.1362830044410597,1,109183.01104364729,2775.4968961152326,2.701769682087222,4002.680906643635,5062.214087814007,158929.97717555607,2136.199145412983,2701.6636250811252,84819.67195022138,233245.81086624422,294987.3490367206,9261230.725571461,5929.246848049885,7498.753366651324,235425.977790216,23156.979453254426,52557.39636392781,653225.3018533961,18554.446806559783,83766.18990717916,280261.80443822674,1269376.0373902824,2365088.0267983014,50041052.734228574,47496.785563468155,181101.9854249244,595285.1982161051
1,0.0,2473.58147328212,1128.5651580136564,42.064,-87.686,Central P,1.5393804002589986,0,147623.07301298366,3113.5226552844833,2.5132741228718345,3807.782838414273,6216.78830761514,0.0,1737.2910846614225,2836.3936076104856,0.0,227248.06522219017,371017.2493423513,0.0,4792.895751307288,7825.135920501695,0.0,23156.979453254426,56727.01369658686,675393.917078496,18554.446806559783,89510.90797689476,302155.7017516722,1269376.0373902824,2522637.4153186213,51160519.57805987,47496.785563468155,192524.73735237564,656040.7375547766
2,0.0,2469.154930308504,1235.1416905318533,42.058,-87.683,Noyes,0.6597344572538566,0,145667.14564044596,3312.871905520482,2.2305307840487534,1628.986587822765,5507.526082638872,0.0,814.8655328346432,2755.0215633933176,0.0,96101.63526881809,324915.05257552786,0.0,2185.615748540105,7389.462768873688,0.0,24018.033425319274,61420.467168758325,680790.8096781749,20908.186900254896,98203.1995109446,307289.06977559876,1301565.9755171307,2712739.011673056,51444396.35612143,53074.07181257141,209673.49794255692,671358.5619263687
3,7.0685834705770345,2599.6493844455294,1271.4197188157725,42.054,-87.684,Foster,0.8482300164692441,0,152714.03598551775,3427.1390376145655,2.701769682087222,2205.1006401824916,7023.65389095164,18375.838668187433,1078.4563690304244,3435.0832495043146,8987.13640858687,129536.62925908047,412598.15245484887,1079471.9104923373,2907.0022023181923,9259.340348124611,24225.018352651605,26421.06804644945,67587.43327230451,692439.771776038,28041.998822292473,106672.6975185162,325891.86144293845,1391826.04750363,2958696.2202531095,51939266.56216997,69434.0056766807,227037.01564511092,725639.2069935646
4,0.0,2345.3232743545686,1281.5902463700147,42.049,-87.684,Davis,1.4451326206513047,0,135058.29780343146,3412.772363081468,2.8902652413026093,3389.3031697425167,6778.6063394850335,0.0,1852.0678713378506,3704.1357426757013,0.0,195177.15184537726,390354.3036907545,0.0,4931.908668746268,9863.817337492535,0.0,30316.4043257808,74968.46614233738,702165.5917836153,37294.66785051272,116511.89196971139,337677.3350950747,1538703.1453026724,3255608.243159082,52430556.08124121,89097.47608220893,247533.81012495168,760496.0180840549
5,0.0,1901.725944279633,1335.9198232358676,42.042,-87.682,Dempster,1.413716694115407,0,104033.03751587003,3449.206001711953,2.8588493147667116,2688.5017150605036,5436.747912677906,0.0,1888.6121561082496,3819.1934712411266,0.0,147073.2418757199,297414.77801534464,0.0,4876.200106063243,9860.760214483445,0.0,30316.4043257808,90250.46573738065,712634.3886293769,37294.66785051272,130885.09370931056,354261.3336735827,1538703.1453026724,4046220.0116720544,52905071.67069658,89097.47608220893,274888.33603940904,808472.396031924
6,14.137166941154069,1414.6899214672912,1721.406496403688,42.033,-87.68,Main,1.413716694115407,0,68191.32212084047,4156.821043114456,2.9530970943744057,1999.9707589751235,4177.716696525814,19999.707589751237,2433.5811013246066,5083.480522766957,24335.811013246068,96403.2104760334,201375.59521660313,964032.1047603341,5876.5673031011265,12275.496144255687,58765.67303101126,35183.29688339888,91783.00932079065,721061.1948457127,48475.947998721735,134257.57656888556,366474.397551868,1729852.0252448367,4107155.899622253,53284661.11310537,111154.02095359584,282283.2573369567,847252.8570646534
7,7.0685834705770345,1454.8948839945208,2083.4066792878284,42.028,-87.678,South Boulevard,1.3194689145077132,0,67689.81496625868,5076.812204534867,2.796017461694916,1919.6885733070756,4067.911500579279,10284.045928430762,2748.99034959803,5825.241455100588,14726.734015703732,89314.6066767573,189261.90462455712,478471.1071969141,6698.695888677132,14194.855573625351,35885.87083219892,39057.30660284676,106251.1052423108,733663.0727601115,57330.27320009695,146913.23977441603,389237.588465091,1852600.4968807045,4855559.647446279,53767966.781237446,129826.7080542199,306829.90904852794,915153.4015081925
8,7.0685834705770345,1205.5702554044874,3075.1784384234793,42.019,-87.673,Howard,1.2566370614359172,1,43986.99321894888,7399.632982366174,2.7331856086231197,1514.9642631060433,3295.0472722556437,8521.673979971494,3864.3831962515737,8405.033451847172,21737.1554789151,55275.685900061544,120224.61683263384,310925.7331878462,9298.65304666492,20224.5703764962,52304.92338749018,47912.70043497795,214279.26092267214,748249.3997055237,75871.47614171554,175635.1785271596,414307.2334199441,2184200.530031682,13573426.642051838,54350949.920711055,165893.1117098938,357275.276489033,991870.3434312309
9,0.0,1305.1523421241106,3567.708292049124,42.016,-87.669,Jarvis,0.6597344572538566,0,48792.26448295389,8453.835005554663,2.4504422698000385,861.0539720648499,3198.2004676694423,0.0,2353.7400936951126,8742.463205153274,0.0,32189.93812684821,119562.62732829334,0.0,5577.286249103259,20715.63463952639,0.0,30569.53186910586,89282.90741942028,731821.5592240656,58483.40822931561,128589.59480466881,387057.837718034,1257660.965545609,4001205.1506270654,53676419.80392885,128056.02461145318,270250.6817633019,907612.0914687486
10,7.0685834705770345,1627.467397335435,4831.41034246883,42.008,-87.666,Morse,1.4765485471872029,0,61129.09200204965,11079.848268636108,2.3876104167282426,2403.034621130175,3885.758110763686,11503.889143708282,7133.8119220375775,11535.525661167145,34151.2272863501,90260.07198649927,145952.45682923283,432096.0892970709,16359.933864109289,26454.361141963953,78318.83232818276,30195.617075576756,90815.45100283028,736019.4629882146,63440.22377228442,131962.0776642438,394868.2401601887,1196058.8762929097,4062141.038577264,53851700.59788568,136047.320949089,277645.60306084953,931642.1771268897
11,0.0,1845.2247665127395,4868.031320237757,42.001,-87.661,Loyola,0.6911503837897545,0,59644.20167388121,11068.150342341109,1.8849555921538756,1275.32780555364,3478.1667424190177,0.0,3364.5417152828713,9176.022859862374,0.0,41223.112877736516,112426.67148473594,0.0,7649.75635695176,20862.971882595706,0.0,27507.11536051625,117078.18193587106,742238.6790162629,61551.61161617617,139642.18242500265,403493.3234187612,1048985.6344171898,6004133.261585859,54134236.22816906,131171.12084302574,289347.01980986504,960346.5664775345
12,0.0,2455.6336885488736,5799.071277995164,41.994,-87.659,Granville,0.7539822368615503,0,76359.64686533903,12113.468220448221,2.1048670779051615,1851.5041814046592,5168.782506421341,0.0,4372.396733902363,12206.27421547743,0.0,57573.817349486395,160726.9067673162,0.0,9133.339865004853,25497.240456471885,0.0,26381.203679445993,185574.0789931289,762386.1409976595,61597.32152309398,164629.77518760084,434636.09342749295,978243.7262535089,11342703.650803532,54974372.40771641,128641.2150662024,336982.7848129496,1052125.3851381966
13,7.0685834705770345,2310.5132830316147,5408.946636400346,41.99,-87.659,Thorndale,0.6597344572538566,0,71297.55228782118,11518.219806694442,1.9477874452256716,1524.3252267586886,4500.388764716128,16332.05600098595,3568.468473480655,10535.478350276218,38233.590787292735,47037.45196213417,138872.47722153895,503972.6995942946,7598.966492700179,22435.043930829095,81417.49813607334,29064.432896041508,197650.3623701651,765662.8527856878,66409.69388924776,168430.43730794959,437815.9911531784,1085076.0875305713,12375174.02179162,55084961.20786997,137740.3366080455,346070.2995984935,1059968.6104380349
14,0.0,2266.447889199141,5098.607434666483,41.984,-87.659,Bryn Mawr,1.0367255756846319,0,73028.98804607562,10681.438625270728,2.4504422698000385,2349.6844926891986,5553.79970999265,0.0,5285.856727894553,12493.843175023487,0.0,75711.01967373386,178953.31922882545,0.0,11073.720607923859,26174.248709638206,0.0,29064.432896041508,222519.43770199522,768628.809278775,66409.69388924776,178780.6749698999,444097.5525064413,1085076.0875305713,14279541.06643673,55191161.36605138,137740.3366080455,366438.30920995923,1082140.375313662
15,14.137166941154069,2266.458940744097,5065.581650347524,41.977,-87.659,Berwyn,1.0681415022205298,0,80989.57131992027,10122.763459251786,2.796017461694916,2420.898857687551,6337.058774535059,32041.30841057052,5410.757993622956,14163.45474801303,71612.97344500969,86508.32237385638,226448.25562568285,1144963.0902422166,10812.54376798829,28303.423392675228,143107.19692925675,33234.05022870056,348222.59083105554,775231.3373195386,72154.41195896338,195501.51293773754,451431.8238392363,1242625.4760508912,25340142.686536532,55521862.61938407,149163.08853549673,398716.44401370856,1104384.790049817
16,7.0685834705770345,2488.850118159645,5454.908689962213,41.973,-87.659,Argyle,0.8482300164692441,0,89745.93259995074,10464.710903537993,3.015928947446201,2111.117376716036,7506.195117212571,17592.644805966964,4627.017287924871,16451.617023732873,38558.47739937393,76125.19388730389,270667.35604374716,634376.6157275324,8876.48190205391,31560.824540636124,73970.68251711591,35359.57843637682,436794.46569635835,775231.3373195386,75836.23438896207,200030.8627451574,451431.8238392363,1326988.5668721762,33490497.37012215,55521862.61938407,156212.4888308331,410399.4740297873,1104384.790049817
17,0.0,2175.314352177844,4895.414127103289,41.969,-87.658,Lawrence,0.7539822368615503,0,82407.98333842472,9653.087417661665,3.015928947446201,1640.148381132085,6560.59352452834,0.0,3691.055293916971,14764.221175667884,0.0,62134.15561275484,248536.62245101936,0.0,7278.2564437886285,29113.025775154514,0.0,42273.22940997858,441855.55075069005,775231.3373195386,84284.59668252234,200436.64019087102,451431.8238392363,1607404.5988665142,33953517.2532677,55521862.61938407,173136.01356325488,411106.8913838615,1104384.790049817
18,0.0,1939.4758118343032,4358.7189181785225,41.965,-87.658,Wilson,1.350884841043611,0,78210.94863991819,8893.218491737174,3.141592653589793,2620.008473777711,6093.0429622737465,0.0,5888.127312937373,13693.319332412497,0.0,105653.9849213059,245706.94167745562,0.0,12013.714048576474,27938.869880410406,0.0,60956.8274518836,556069.4680156385,779480.0057582642,105890.23750392764,216384.3255494724,454051.96057037695,2477854.4242657893,44038874.25142498,55757476.28628223,221042.37665209087,443297.3935659469,1110964.4304779961
19,0.0,2086.5824583313424,4711.597618797071,41.954,-87.655,Sheridan,1.4451326206513047,0,92431.00645840882,8942.573727633191,3.141592653589793,3015.3883762134146,6555.192122203076,0.0,6808.883414306658,14801.92046588404,0.0,133575.062592678,290380.5708536479,0.0,12923.205006382059,28093.923926917523,0.0,85691.87516609085,613541.7826491707,783522.5335234597,131157.79114754702,243607.89564481628,455876.29490610055,3716323.609842851,48026949.65043141,55973055.55501604,267259.9379919257,503117.8358836629,1115749.3634545705
20,0.0,2540.7928482385887,4754.89612557437,41.947,-87.654,Addison,1.0995574287564276,0,104565.62429771846,9135.81878694228,3.141592653589793,2793.747651211943,7982.136146319836,0.0,5228.281357840454,14937.94673668701,0.0,114975.90898910994,328502.5971117427,0.0,10045.357414954919,28701.021185585483,0.0,157877.6831411258,628493.0327939006,783522.5335234597,133223.2346500255,260131.5217411554,455876.29490610055,9909654.490422165,48726796.87669717,55973055.55501604,259899.0227793171,542880.53423246,1115749.3634545705
21,0.0,2846.994621798466,5106.085667148099,41.94,-87.653,Belmont B-P-R,0.9424777960769378,0,113352.6558628244,9654.467807855166,3.141592653589793,2683.2292165955137,8944.097388651713,0.0,4812.372366153781,16041.241220512604,0.0,106832.36127706231,356107.87092354114,0.0,9099.121541843082,30330.405139476945,0.0,207906.86621764227,660433.0016389391,788664.5829601476,151421.9517455645,285022.71853650885,456726.07232181274,13954789.538351197,50463407.66652114,56259304.54328245,299362.53658495576,608851.4437212565,1118267.1229612706
22,0.0,2819.0693411077837,4883.168661007546,41.936,-87.653,Wellington,0.7539822368615503,0,111890.02432264993,9349.557523635462,3.141592653589793,2125.5282076762633,8856.367531984431,0.0,3681.822429998691,15340.926791661213,0.0,84363.09082128486,351512.8784220203,0.0,7049.400295336402,29372.501230568345,0.0,181487.6130376542,627175.1406973405,783522.5335234597,132143.3419631967,255454.81438566084,455876.29490610055,11984996.041727738,48733784.881701365,55973055.55501604,258732.33572159294,530798.7582413957,1115749.3634545705
23,0.0,2863.8428237017074,4789.303433916133,41.933,-87.653,Diversey,0.8796459430051421,0,109730.97382291936,9275.86091265187,3.141592653589793,2519.167721273597,8997.027575977134,0.0,4212.891335464922,15046.040483803294,0.0,96524.40594533447,344730.02123333735,0.0,8159.473419694192,29140.97649890783,0.0,196101.17720651475,653225.3018533961,788664.5829601476,122716.2924252889,280261.80443822674,456726.07232181274,13581513.65503464,50041052.734228574,56259304.54328245,235364.53841976577,595285.1982161051,1118267.1229612706
24,7.0685834705770345,3016.43276951969,4155.910352111694,41.925,-87.653,Fullerton,1.382300767579509,0,113976.19983688374,8263.57924075608,3.141592653589793,4169.6173326590515,9476.403028770572,21321.906814733786,5744.718069715622,13056.17743117187,29376.399220136704,157549.3885203199,358066.7920916361,805650.2822061813,11422.751927451225,25960.79983511642,58411.79962901195,337882.8850066525,688437.0908693944,788664.5829601476,142614.48751397792,323755.66229752544,456726.07232181274,26150078.491265755,51706020.751303725,56259304.54328245,270935.88149267546,719709.9601455147,1118267.1229612706
25,0.0,3480.2657982135784,4136.348786624545,41.918,-87.653,Armitage,1.288052987971815,0,140041.90053065622,8178.998990448063,3.141592653589793,4482.766760325113,10933.577464207596,0.0,5327.8364139053365,12994.722960744726,0.0,180381.38841976345,439954.60590186215,0.0,10534.984088265086,25695.08314210997,0.0,296688.0339648754,667478.2959840316,788664.5829601476,119439.62351730387,300153.5238701709,456726.07232181274,23073687.274822682,50650458.930936605,56259304.54328245,222574.5603962901,650564.1458331036,1118267.1229612706
26,7.0685834705770345,7426.511545517544,5130.215551034056,41.91,-87.639,Sedgwick,1.6964600329384882,0,402346.7056991175,8981.764356516134,3.141592653589793,12598.780021126755,23331.074113197697,52494.916754694816,8703.20564268878,16117.047486460704,36263.35684453658,682565.1056030171,1264009.4548204022,2844021.273345905,15237.2042561011,28217.044918705742,63488.35106708792,431668.0512954869,685325.5164145778,788664.5829601476,105701.14550533751,326705.8583701864,456726.07232181274,35911995.92476208,51458532.112141654,56259304.54328245,190375.29452116071,728989.3287770876,1118267.1229612706
27,0.0,16798.35790503505,5859.946882781501,41.897,-87.636,Chicago P-B,1.0367255756846319,0,1273246.1318820796,9304.684145092113,3.141592653589793,17415.28726965395,52773.597786830134,0.0,6075.156805533015,18409.566077372772,0.0,1320006.8290636798,4000020.6941323625,0.0,9646.404026884287,29231.527354194808,0.0,522703.87895532034,700374.7069228917,788664.5829601476,109159.59242911437,347344.8737421977,456726.07232181274,43696016.4643555,52129970.962555096,56259304.54328245,199872.46739659872,807335.3373860925,1118267.1229612706
28,0.0,43640.264883418145,5579.550678370433,41.889,-87.634,Merchandise Mart,0.4084070449666731,0,3877275.936901215,8337.000680335075,3.141592653589793,17822.991622599682,137099.93555845908,0.0,2278.727804795065,17528.6754215005,0.0,1583506.8079102142,12180821.59930934,0.0,3404.8898117407916,26191.46009031378,0.0,540623.7145423604,704487.8726566269,788664.5829601476,120286.52069682874,352094.4372926881,456726.07232181274,44781603.945492975,52322154.71668285,56259304.54328245,224821.02812103252,831102.5965712375,1118267.1229612706
29,0.0,53458.49001287961,5155.352215574798,41.886,-87.632,Clark-Lake,0.21991148575128552,0,4802268.886107119,7856.516343914146,3.141592653589793,11756.135964752613,167944.7994964659,0.0,1133.7211652982353,16196.016647117649,0.0,1056074.0857209875,15086772.653156964,0.0,1727.7381820194175,24681.97402884882,0.0,602799.7502441753,730570.6878219865,788664.5829601476,172975.47350020488,384501.8286891273,456726.07232181274,48046457.281815045,53484181.24346192,56259304.54328245,370383.933819322,934697.167821748,1118267.1229612706
30,0.0,63818.79504003646,4921.313450083722,41.885,-87.628,State-Lake-Washington,0.12566370614359174,0,5793382.315637032,7482.975370330315,3.141592653589793,8019.7063063492515,200492.65765873127,0.0,618.4304872318265,15460.76218079566,0.0,728017.8928896929,18200447.322242323,0.0,940.3384180169232,23508.460450423077,0.0,604307.8905598962,737627.0145278845,788664.5829601476,177960.3257874858,407307.1188370375,456726.07232181274,48091911.33355272,53621821.44297033,56259304.54328245,373561.4410452948,990426.1591452367,1118267.1229612706
31,0.0,61721.445956896874,4729.14284153675,41.884,-87.626,Randolph-Wabash,0.9738937226128358,0,5593944.912594653,7457.471771912953,3.141592653589793,60110.12876800926,193903.64118712666,0.0,4605.682526712069,14857.040408748613,0.0,5447907.835017941,17573896.24199336,0.0,7262.784945228446,23428.33853299499,0.0,572773.0864704022,724485.5011359819,788664.5829601476,137294.2597047003,379243.325230057,456726.07232181274,46670165.09723622,53163962.59584864,56259304.54328245,277918.7098988054,923898.4811156741,1118267.1229612706
32,0.0,114547.00165309936,1708.9112041698331,41.88,-87.626,Adams-Wabash,0.7853981633974483,0,10554953.845593717,3959.560033568851,3.141592653589793,89965.00472102872,359860.01888411486,0.0,1342.1757211643087,5368.702884657235,0.0,8289841.365074139,33159365.460296556,0.0,3109.8311782269143,12439.324712907657,0.0,563604.9657944713,712003.67567329,788664.5829601476,127545.57215916262,354906.46201373363,456726.07232181274,46336702.58234805,52732686.37680694,56259304.54328245,259540.11885890778,866255.5655587196,1118267.1229612706
33,0.0,59728.220017663065,3427.2937858244873,41.878,-87.629,Washington Library-Jackson,0.09424777960769379,0,5495415.862407572,5848.235210448606,3.141592653589793,5629.252116584553,187641.7372194851,0.0,323.01482937720476,10767.16097924016,0.0,517930.7430528133,17264358.101760443,0.0,551.183183208315,18372.7727736105,0.0,585081.5172127222,721681.9436200408,788664.5829601476,154410.76592017652,378752.4134619519,456726.07232181274,47228500.86342303,53096568.512668885,56259304.54328245,331731.9525681891,917978.0472413583,1118267.1229612706
34,0.0,40274.83519027013,3229.074314026282,41.877,-87.632,LaSalle-Van Buren,0.12566370614359174,0,3684595.1576222247,5629.448436495641,3.141592653589793,5061.085054331694,126527.12635829233,0.0,405.77744571361876,10144.436142840468,0.0,463019.8831455403,11575497.078638507,0.0,707.4173540742901,17685.43385185725,0.0,561435.2682339719,702096.3159735849,788664.5829601476,127494.26006061879,337440.5398768005,456726.07232181274,46105472.774668835,52388084.79594772,56259304.54328245,261811.95124389196,811999.8411561253,1118267.1229612706
35,0.0,57381.39345945042,3599.2818996812966,41.879,-87.634,Quincy-Wells,0.21991148575128552,0,5328806.009381971,5853.205059704083,3.141592653589793,12618.82749014684,180268.96414495484,0.0,791.5234301966234,11307.477574237477,0.0,1171865.6468035681,16740937.811479542,0.0,1287.1870210864668,18388.386015520955,0.0,542042.466868309,698133.7634116244,788664.5829601476,107446.4392672973,333097.4698373203,456726.07232181274,45230180.594056,52157285.694185995,56259304.54328245,214423.07109198577,800998.0471255236,1118267.1229612706
36,0.0,67628.54445831261,3840.213305323277,41.883,-87.634,Washington-Wells,0.4084070449666731,0,6341672.369750318,5999.295956594186,3.141592653589793,27619.97399761673,212461.3384432056,0.0,1568.37016806878,12064.385908221384,0.0,2589983.6726765265,19922951.328280974,0.0,2450.1547335131418,18847.344103947245,0.0,552467.4936546598,699312.322251852,788664.5829601476,119777.62345370305,336780.3457239445,456726.07232181274,45616571.278475605,52171111.82754677,56259304.54328245,234579.34643768988,809264.7212282651,1118267.1229612706
37,0.0,3989.9707771733047,3966.421387934749,41.911,-87.649,North-Clybourn,1.2566370614359172,0,163364.86558373104,7814.604437954658,3.141592653589793,5013.9451526422445,12534.862881605612,0.0,4984.352117350895,12460.880293377239,0.0,205290.3446290134,513225.86157253344,0.0,9820.12155719542,24550.303892988548,0.0,378400.7178820662,679925.8944574078,788664.5829601476,120542.5929906641,323816.3766145585,456726.07232181274,30392720.224292867,51167828.51477352,56259304.54328245,226224.22869998915,723235.7351428076,1118267.1229612706
38,0.0,11569.79017660414,6373.863757771421,41.904,-87.632,Clark-Division,1.0053096491487339,0,634182.9555678557,10543.567336660257,2.827433388230814,11631.221703166375,32712.81104015543,0.0,6407.706738047017,18021.675200757236,0.0,637550.2445580282,1793110.062819454,0.0,10599.549979993973,29811.234318733048,0.0,508764.9898532485,703401.0541892385,788664.5829601476,116205.99289320025,360693.46880861954,456726.07232181274,42503287.45417057,52213732.254419915,56259304.54328245,213644.89647106154,833673.9654370109,1118267.1229612706
39,0.0,23221.352483810362,6790.703534102039,41.897,-87.628,Chicago R,1.1309733552923256,0,1717098.1207657568,10346.323982134023,3.0473448739820994,26262.730933040784,70763.469458471,0.0,7680.104760758836,20693.615605377974,0.0,1941992.223008595,5232590.156439825,0.0,11701.41674901557,31528.81735151418,0.0,540680.3690707874,715817.6109698134,788664.5829601476,120890.93241312359,375451.3245964688,456726.07232181274,44871313.97290834,52742410.18066543,56259304.54328245,229901.07653442924,890912.5608008537,1118267.1229612706
40,7.0685834705770345,53064.87267866801,7016.262656983733,41.892,-87.628,Grand R,0.8168140899333463,0,4595772.671706267,10373.708440762182,3.141592653589793,43344.135684455105,166708.21417098117,375093.4818847076,5730.98219689749,22042.239218836497,49595.03824238212,3753891.8723802976,14438045.663001144,32485602.741752572,8473.391219275034,32589.966227980898,73327.42401295702,547499.537253525,717943.4528026031,788664.5829601476,130109.03112078084,377577.3196507002,456726.07232181274,45138014.80437803,52824141.63095198,56259304.54328245,251818.5060983014,900284.1357116966,1118267.1229612706
41,0.0,67415.9587258829,3378.6232806460207,41.88,-87.629,Monroe,0.15707963267948966,0,6221322.950366072,5767.6384558221125,3.141592653589793,10589.674033397321,211793.48066794642,0.0,530.7129038862493,10614.258077724984,0.0,977243.1238239815,19544862.47647963,0.0,905.9785300686364,18119.57060137273,0.0,565130.6502621507,723637.0638565905,788664.5829601476,142600.49064907333,382078.1997782323,456726.07232181274,46079963.25558905,53156762.729545005,56259304.54328245,296082.39968928223,919132.1485298802,1118267.1229612706
42,0.0,33305.23986064475,2832.926738888199,41.874,-87.628,Harrison,0.5026548245743669,0,3002958.337815675,5353.598191954279,3.141592653589793,16741.039499559603,104631.4968722475,0.0,1423.9842929678812,8899.901831049256,0.0,1509451.4964988707,9434071.853117941,0.0,2691.011960018426,16818.824750115164,0.0,546996.5321908337,705846.9921468932,788664.5829601476,120169.59525482781,350497.0689783376,456726.07232181274,45325017.658344455,52479327.08567521,56259304.54328245,246907.02429609955,835585.4662028018,1118267.1229612706
43,7.0685834705770345,9416.87575619148,2441.3868902572067,41.867,-87.627,Roosevelt,1.9163715186897738,0,740274.8800158852,5323.988697808145,3.141592653589793,18046.232494205582,29583.987695418982,66563.97231469271,4678.604302591508,7669.843119002471,17257.14701775556,1418641.696063932,2325642.1246949704,5232694.780563684,10202.740306305786,16725.803780829156,37633.05850686561,559263.58100865,705474.5201495041,788664.5829601476,141011.87204851361,349359.34301377635,456726.07232181274,45881202.44465424,52462219.21951954,56259304.54328245,315400.46836698195,834355.3884698581,1118267.1229612706
44,0.0,2493.1225249759004,1938.4400197853738,41.854,-87.631,Cermak-Chinatown,1.6022122533307945,0,133923.141881416,4630.480550549917,3.141592653589793,3994.5114585713977,7832.375408963524,0.0,3105.7923520469135,6089.788925582184,0.0,214573.29892696324,420731.95868032007,0.0,7419.012676901,14547.08368019804,0.0,443944.7695988424,676315.1745263913,788664.5829601476,81983.22889715568,296853.2821918915,456726.07232181274,37766997.3549499,51268921.58230052,56259304.54328245,172488.8619811061,697927.3735308294,1118267.1229612706
45,0.0,1376.6539884789918,1623.5287610531623,41.831,-87.631,Sox-35th,1.8849555921538756,0,62865.59951722445,4277.155929052238,3.141592653589793,2594.9316340444125,4324.886056740688,0.0,3060.2796171698114,5100.4660286163535,0.0,118498.86336409822,197498.1056068304,0.0,8062.248986981122,13437.081644968537,0.0,385313.933601795,651303.2240686828,788664.5829601476,64380.03393969875,255765.40656960855,456726.07232181274,33375088.883080814,50146978.68976706,56259304.54328245,139142.1267802101,589518.7245182716,1118267.1229612706
46,0.0,902.3569906219199,1578.2807878006538,41.81,-87.631,47th R,2.1676989309769574,0,36519.20854599606,4111.22107794556,3.141592653589793,1956.0382839307201,2834.8380926532172,0.0,3421.2375764969474,4958.315328256445,0.0,79162.64932528022,114728.4772830148,0.0,8911.889535672524,12915.78193575728,0.0,125188.70672513626,622154.2389610942,784661.902053504,43051.09938455171,212999.62593291234,454589.87317639973,10191914.467646914,48858781.03205412,56026058.73241621,104434.34350963568,477817.65341533284,1112337.8761132206
47,0.0,970.8286019277915,1439.6543563207713,41.795,-87.631,Garfield R,2.293362637120549,0,47873.47012098846,4020.577198706329,3.141592653589793,2226.4620427091754,3049.9480037111994,0.0,3301.64951115389,4522.807549525877,0.0,109791.2276847819,150398.9420339478,0.0,9220.641527171896,12631.015790646434,0.0,68763.7796800002,595392.4648602139,775712.0697784018,36295.909254708764,180967.4840067391,452002.80467602616,5246984.819231382,47640061.86025033,55512561.678927615,94313.19651826945,399929.26466498844,1105027.2208552132
48,0.0,721.4288396888642,1247.2769457624138,41.781,-87.631,63rd,1.6336281798666925,0,34843.33335956492,3802.4481651323904,3.141592653589793,1178.5464822842591,2266.4355428543445,0.0,2037.5867666955394,3918.436089799114,0.0,56921.051256674444,109463.5601089893,0.0,6211.786475042672,11945.743221235905,0.0,58174.10564660288,579598.084241929,771877.9825503962,35765.19635082252,157383.73496695005,450109.4827741611,4269741.695407402,46988833.7133249,55286923.4143997,93407.21798820082,343324.18167343095,1099934.602904355
49,0.0,735.9087783693651,1413.067450286171,41.769,-87.626,69th,2.5446900494077322,0,36309.237217390124,3965.534561512288,3.141592653589793,1872.6597455883236,2311.9256118374365,0.0,3595.8186798851743,4439.282320845895,0.0,92395.75464867754,114068.83289960191,0.0,10091.056339262774,12458.094246003426,0.0,35803.81403045873,550539.7137329143,768488.6793806538,34018.19722847743,134732.62418153675,448257.4149028233,2242359.455855718,45454582.67769902,55091746.262554325,90165.02284497408,293133.4368750819,1095002.694235609
50,7.0685834705770345,574.4060831399254,1377.758187635419,41.751,-87.625,79th,3.078760800517997,0,24460.19417598976,3772.5957843209076,3.141592653589793,1768.458932350284,1804.5499309696775,4060.2373446817746,4241.787900684648,4328.355000698621,9738.798751571896,75307.08700209588,76843.96632866927,172898.92423950587,11614.920016966658,11851.959200986386,26666.90820221937,17757.581536253147,446110.74255561706,755509.0107026972,29339.592925885925,88558.6694189087,439490.7505785262,823717.7597917856,37844065.182533115,54397076.874570616,79962.28253866827,190919.58896177573,1072885.3534216909
51,21.205750411731106,383.83822882587884,1183.1919908921984,41.735,-87.625,87th,2.9530970943744057,0,13365.005821565044,3301.4840675966125,3.141592653589793,1133.511558255521,1205.8633598462989,8139.577678962519,3494.0808303908193,3717.107266373212,25090.474048019183,39468.15985796075,41987.40410421356,283414.9777034416,9749.60300714295,10371.918092705266,70010.44712576055,13763.07007768175,405923.73854655767,753589.3221293902,26233.800573839013,81338.0050734057,436741.7602289282,609144.4608648224,34441713.308778435,54307762.26789386,72543.26986176727,178401.16462882116,1066186.6575330137
52,240.33183799961915,365.158522501953,1089.8080584986847,41.722,-87.624,95-Dan Ryan,2.827433388230814,0,13298.16217130417,3070.319537734063,3.141592653589793,1032.4613985190547,1147.1793316878386,87759.21887411964,3081.359691362181,3423.732990402423,261915.57376578535,37599.667725253385,41777.40858361487,3195971.756646537,8681.123973526688,9645.693303918542,737895.5377497684,11168.13844363734,294909.0637540696,744610.7758534556,23173.5209566692,59364.74515038881,423189.36560618645,490645.59750072414,25187033.814287525,53889595.39053425,64481.020874786154,133939.19433435996,1029066.3035010906
53,0.0,2325.750552508886,4240.879557418081,41.944,-87.664,Southport,0.8168140899333463,0,91974.03459513653,8696.474831630318,3.141592653589793,1899.705820959523,7306.560849844318,0.0,3464.0101762093823,13323.116062343777,0.0,75125.68736532456,288944.9514050944,0.0,7103.403175226368,27320.781443178337,0.0,77140.90120210637,601897.2316761076,783522.5335234597,111074.72633895595,237841.0835128768,455876.29490610055,3403232.2448553676,47340817.50981508,55973055.55501604,231132.197698525,487303.0753334474,1115749.3634545705
54,0.0,2061.9126971212195,3846.2382473380717,41.944,-87.671,Paulina,0.8168140899333463,0,80282.4301985793,8359.960606024977,3.141592653589793,1684.1993432210802,6477.68978161954,0.0,3141.6615936662756,12083.313821793368,0.0,65575.82016028995,252214.6929241921,0.0,6828.533614288917,26263.590824188144,0.0,75500.75282097429,583281.0787260978,783522.5335234597,107383.67104503897,223174.84653514178,455876.29490610055,3341098.089242613,46382888.25580478,55973055.55501604,223853.9412547364,452018.79437639436,1115749.3634545705
55,0.0,1883.668554774128,3863.3607768155684,41.947,-87.675,Addison Br,1.2566370614359172,0,72910.21496076653,8496.226357072002,3.141592653589793,2367.0877173906015,5917.7192934765035,0.0,4854.842333844298,12137.105834610746,0.0,91621.6782769587,229054.19569239678,0.0,10676.67292264535,26691.682306613373,0.0,61249.52264403021,536347.1413987972,779480.0057582642,95087.83699405461,204443.25228876225,454051.96057037695,2597893.8597632786,42914088.506611526,55757476.28628223,201240.67722616595,411797.9569378208,1110964.4304779961
56,0.0,1897.9895937322092,4010.7018050446245,41.955,-87.675,Irving Park Br,1.413716694115407,0,76427.3799409034,8571.251728719464,3.141592653589793,2683.219573916543,5962.710164258984,0.0,5669.996096910381,12599.991326467514,0.0,108046.66290995611,240103.69535545804,0.0,12117.321658356248,26927.381463013884,0.0,48650.74262290345,516776.0748853146,775231.3373195386,86384.63135136582,202086.00750010044,451431.8238392363,1915328.7541602612,41192415.69083191,55521862.61938407,186003.47297006485,406904.42364569183,1104384.790049817
57,7.0685834705770345,1742.2277628819013,3833.909411386092,41.962,-87.675,Montrose Br,0.8796459430051421,0,69273.19842119978,8406.701987715986,3.141592653589793,1532.5435834099892,5473.369940749961,12315.082366687413,3372.482859575008,12044.581641339315,27100.308693013456,60935.8879501986,217628.17125070927,489663.3853140959,7394.92129754763,26410.43320552725,59423.47471243631,48650.74262290345,463593.963982884,775231.3373195386,86384.63135136582,187888.9292305461,451431.8238392363,1915328.7541602612,36702322.09399696,55521862.61938407,186003.47297006485,376998.0612206046,1104384.790049817
58,0.0,1703.7832255885246,3752.4270038602426,41.966,-87.679,Damen Br,1.6650441064025905,0,66576.91699561205,8376.415782588892,3.141592653589793,2836.8742183537684,5352.59286481843,0.0,6247.956467483427,11788.597108459297,0.0,110853.5032659983,209157.55333207225,0.0,13947.101731577279,26315.286285994862,0.0,40621.4090940478,369950.5968351715,775231.3373195386,74591.39581970827,176048.39987206133,451431.8238392363,1576463.3469385696,28280997.54405858,55521862.61938407,163260.14640648736,349878.53982131655,1104384.790049817
59,7.0685834705770345,1499.947650432933,3260.0396384613764,41.966,-87.689,Western Br,1.1309733552923256,0,55918.21839367771,7991.107249187255,3.141592653589793,1696.4008269729745,4712.224519369373,10602.50516858109,3687.0179682966427,10241.716578601785,23043.862301854017,63242.015078666715,175672.26410740754,395262.59424166696,9037.729378114136,25104.80382809482,56485.80861321335,36138.64233372268,345328.3150235282,768628.809278775,69263.55940580294,167099.63492750464,444097.5525064413,1396081.9585188061,26344060.278949052,55191161.36605138,152725.16231822228,329669.7291142716,1082140.375313662
60,14.137166941154069,1433.9468211316475,3154.1126149059337,41.966,-87.694,Rockwell,1.0367255756846319,0,53270.844724395414,7891.708709966334,3.141592653589793,1486.609343638855,4504.876798905621,20271.945595075296,3269.9492164625135,9908.937019583373,44590.21658812518,55227.24716410547,167355.2944366832,753098.8249650745,8181.536255475271,24792.53410750082,111566.40348375369,29175.277349851684,209001.45300545395,765662.8527856878,58290.559978246856,152880.9417809815,437815.9911531784,1123556.6610093764,13993272.981828857,55084961.20786997,131257.05297581613,304566.3292241925,1059968.6104380349
61,0.0,1382.780545665487,2995.19449347132,41.966,-87.702,Francisco,1.3194689145077132,0,50345.613904366255,7707.966659576556,3.141592653589793,1824.5359455916234,4344.133203789579,0.0,3952.0660270400826,9409.6810167621,0.0,66429.47252861857,158165.41078242517,0.0,10170.422401373122,24215.291431840764,0.0,26656.10962857808,196887.45374529794,762386.1409976595,54077.66864278194,148781.7604036146,434636.09342749295,1027032.255064042,12968992.40604274,54974372.40771641,123097.57955612196,296061.3842014237,1052125.3851381966
62,0.0,1220.1462315340248,2586.385078144428,41.966,-87.709,Kedzie Br,1.0053096491487339,0,44781.92259069601,6952.056616938397,3.141592653589793,1226.6247799336202,3833.202437292563,0.0,2600.117875472896,8125.368360852798,0.0,45019.698887858365,140686.55902455738,0.0,6988.969598436474,21840.52999511398,0.0,26656.10962857808,194537.76925260873,754019.023514152,54077.66864278194,143495.90367572,420745.9806172465,1027032.255064042,12893281.386369007,54635447.74329446,123097.57955612196,284987.66359349986,1008125.6572650948
63,21.205750411731106,1239.7699970274834,2529.0781007257556,41.967,-87.713,Kimball,2.1048670779051615,1,44543.96686703462,6889.957963680543,3.141592653589793,2609.5510509177298,3894.8523148025815,26290.253124917428,5323.373231668556,7945.33318159486,53630.99897576532,93759.1293777195,139938.9990712231,944588.2437307562,14502.44568590166,21645.441322241284,146106.7289251287,21847.352204306306,122930.03678151713,742238.6790162629,45583.473846629466,129457.00519317269,403493.3234187612,835836.8029656948,6741356.490814946,54134236.22816906,106949.05771894247,261356.50037647877,960346.5664775345
64,353.4291735288518,1636.7651709436088,270.49255247689547,41.978,-87.904,OHare',3.141592653589793,0,91115.88287530506,801.4277420157935,3.141592653589793,5142.049436688083,5142.049436688083,578480.5616274094,849.7774157121664,849.7774157121664,95599.95926761873,286248.9882664064,286248.9882664064,32203011.179970726,2517.759506699873,2517.759506699873,283247.9445037357,20886.741619976357,44555.313608694996,646127.4406905208,14182.593163312613,55841.938710388706,227094.83622766932,1105806.8220063797,1939582.4657777166,50056456.17452805,37233.27263647999,146858.4294949131,509194.0029308927
65,77.75441817634739,1299.7742957920768,586.5693482478364,41.984,-87.86,Rosemont,3.1101767270538954,1,69314.15403459479,1538.4762335055107,3.141592653589793,4042.5277651953834,4083.361378985235,101063.19412988458,1824.3343357235924,1842.7619552763558,45608.35839308981,215579.26873382556,217756.8371048743,5389481.718345639,4784.932976574373,4833.265632903407,119623.32441435935,26770.177172140975,56564.03098729085,682704.8923970181,25712.921095342746,68017.93857590434,281370.93813817616,1314523.5857161467,2456598.18915685,51728319.345605575,68773.0797270216,173856.40965589113,656051.8005638098
66,35.34291735288517,1352.3931671634223,834.0154246753489,41.984,-87.838,Cumberland,3.141592653589793,1,74998.15949369599,2094.3645958239435,3.141592653589793,4248.66843872564,4248.66843872564,47797.519935663455,2620.1367311406475,2620.1367311406475,29476.538225332286,235613.66689815093,235613.66689815093,2650653.7526041977,6579.640428179057,6579.640428179057,74020.9548170144,29618.540147559677,67444.012839779,704019.9636304183,31127.975132011765,73869.99325618218,320612.069230166,1418226.918662942,3161525.981148078,52632111.8749894,83642.71760903927,184978.03113052563,760955.8002593295
67,49.480084294039244,1456.3525771723369,1232.9434637500804,41.982,-87.807,Harlem N,3.141592653589793,1,81966.31038655563,3173.618611879956,3.141592653589793,4575.266557481175,4575.266557481175,72060.44828032852,3873.406128008806,3873.406128008806,61006.146516138695,257504.75855226393,257504.75855226393,4055699.947198157,9970.216916377907,9970.216916377907,157030.91643295204,35179.66398336538,92501.96696132937,732107.375783781,41327.55710712015,77721.37617768119,373614.45700336114,1613559.5590468324,5352969.132647416,53704728.145038776,111442.16810904024,191295.29581442557,899484.7501512307
68,56.548667764616276,916.1688796913942,1596.304519937363,41.971,-87.763,Jefferson Park,3.141592653589793,0,35287.878404304494,4259.216354277845,3.141592653589793,2878.2294218860748,2878.2294218860748,51808.12959394935,5014.938552727401,5014.938552727401,90268.89394909322,110860.13955573291,110860.13955573291,1995482.5120031924,13380.722808648781,13380.722808648781,240853.01055567805,44555.313608694996,116740.59941766049,756990.326763864,55841.938710388706,79193.53439817646,416366.3173309029,1939582.4657777166,7576160.892413904,54684350.00302864,146858.4294949131,193692.79594571947,1014128.6622227835
69,21.205750411731106,1053.9231818074516,2100.0415919561347,41.961,-87.744,Montrose Bl,2.796017461694916,0,36700.49021417472,5769.035440340161,3.141592653589793,2946.7876196187003,3310.9973254142697,22349.231946546322,5871.752961394942,6597.475237522407,44532.95785327625,102615.21149159591,115297.9904399954,778261.4354699691,16130.323828327908,18123.959357671807,122336.7256642847,44276.39407081375,273966.78590607655,762243.5149136982,60789.02242583683,100311.92287490888,428684.0734995203,1840871.659655722,21156857.93466881,54867478.49577882,157346.21001641286,227528.489792349,1048833.1172845897
70,0.0,1246.3520922274067,2401.5738064871125,41.953,-87.729,Irving Park Bl,2.356194490192345,0,45030.89734731943,6539.9878177950295,3.141592653589793,2936.647932545917,3915.530576727889,0.0,5658.574970635191,7544.766627513588,0.0,106101.55221817111,141468.73629089483,0.0,15409.483262213706,20545.97768295161,0.0,51421.981550602766,527410.6280077255,767022.5677699993,67168.16116019216,127232.37898426403,442036.0087115045,2170349.2008904433,43526029.78014338,55045204.191792235,171338.65014919126,276382.7451726462,1080068.9904444672
71,7.0685834705770345,1333.3266095818378,2534.801814839987,41.947,-87.719,Addison Bl,2.1362830044410597,0,48543.817804667844,6960.518737969451,3.141592653589793,2848.3629754187004,4188.769081498088,9424.730433370698,5415.054036669018,7963.314759807378,17917.4582095666,103703.33294679523,152504.9013923459,343136.02813277824,14869.63788201767,21867.114532378924,49201.00769785258,58259.43563789553,551640.1051428115,767022.5677699993,71195.88150474643,135936.35582298436,442036.0087115045,2659697.724147846,45286171.00900732,55045204.191792235,177675.3386472514,291792.6419933912,1080068.9904444672
72,0.0,1466.2996288661623,2669.509960555097,41.939,-87.712,Belmont B,1.8221237390820801,0,53768.809733293296,7294.840574509618,3.141592653589793,2671.779362364278,4606.5161420073755,0.0,4864.17747084351,8386.512880764672,0.0,97973.42463722132,168919.69765038157,0.0,13292.102183633135,22917.417557988163,0.0,67312.58535596765,568430.4499833772,768942.2563433064,71293.40652980655,149249.0479656139,444784.9990611026,3559453.1230280455,46140774.69268196,55134518.798468985,175685.22472095286,323858.1875273047,1086767.6863331443
73,7.0685834705770345,1507.7162466998454,2784.118033601699,41.93,-87.708,Logan Square,1.9163715186897738,0,50803.93587420547,7570.217035101072,3.141592653589793,2889.3444734414284,4736.630284330211,10657.418139742975,5335.404504264875,8746.56476108996,19679.770712452406,97359.21574666901,159605.27171585083,359111.8613606644,14507.348316367837,23782.53822355383,53510.711002996126,79068.72132072026,603637.3928426953,777020.0319870844,72427.12769510479,177212.37713174458,450959.2601898732,4615527.2087490335,48010390.743194565,55573172.40266612,177412.96290297227,385194.93137318577,1102452.362411055
74,14.137166941154069,1870.436657983813,3246.6909217339526,41.922,-87.697,California B,2.1676989309769574,0,59627.280481917805,8160.808240184177,3.141592653589793,4054.5435439716243,5876.150063726991,26442.67528677146,7037.848440255281,10199.78034819606,45899.01156688227,129253.99215771642,187324.62631553103,842960.8184198897,17690.175298155184,25637.935214717658,115370.70846622945,93102.83510298566,627290.6257326299,779225.1326272672,69702.86495821405,202792.64354206514,452037.7165589037,6063283.466910444,49139466.285758525,55702709.0319252,169289.0629346799,446491.52954839874,1105359.364613373
75,0.0,2320.2200974369016,3260.0745481754698,41.916,-87.687,Western BN,2.293362637120549,0,85799.30246889465,7729.299239815745,3.141592653589793,5321.10608135799,7289.186412819164,0.0,7476.533163013277,10241.82625070312,0.0,196768.91457316786,269546.458319408,0.0,17726.08608771769,24282.309709202316,0.0,98732.08721957021,646127.4406905208,784661.902053504,70025.87978759126,227094.83622766932,454589.87317639973,6581214.209963257,50056456.17452805,56026058.73241621,169840.24611788822,509194.0029308927,1112337.8761132206
76,0.0,2866.6339344188787,3417.0337164497664,41.91,-87.678,Damen Bl,1.6964600329384882,0,110546.77298796791,7666.281418768429,3.141592653589793,4863.129898806839,9005.796108901553,0.0,5796.861131160295,10734.928020667214,0.0,187538.18214441164,347292.9298970586,0.0,13005.54002819961,24084.333385554834,0.0,253080.04428610016,656264.0323533429,788664.5829601476,86129.32971159628,246926.33396896705,456726.07232181274,20051051.112662427,50477307.25306444,56259304.54328245,190295.21715586903,566053.8742911237,1118267.1229612706
77,7.0685834705770345,3159.043246399946,2820.1985062267463,41.904,-87.668,Division,2.261946710584651,0,145661.05368130468,6186.016702914159,3.141592653589793,7145.587479789016,9924.42705526252,22329.96087434067,6379.138734355335,8859.914908826855,19934.80854486042,329477.54123472143,457607.69615933526,1029617.3163585044,13992.440132778393,19433.944628858877,43726.375414932474,444617.5459302765,677562.8429603301,788664.5829601476,95929.16404644879,280521.160722464,456726.07232181274,37371653.18799078,51442070.357339166,56259304.54328245,204209.2524458709,653534.04105711,1118267.1229612706
78,0.0,5971.044457150361,3211.6669986561396,41.896,-87.655,Chicago B,1.8221237390820801,0,386871.52626986,6103.658734086396,3.141592653589793,10879.981852488147,18758.58940084163,0.0,5852.054680277847,10089.749448754908,0.0,704927.7919912285,1215392.7448124627,0.0,11121.6214746345,19175.209439025,0.0,524869.9279706706,682665.4204473237,788664.5829601476,110223.43472764161,296084.7701921196,456726.07232181274,43971647.42329117,51609832.91758433,56259304.54328245,223019.5622663696,691618.8989871712,1118267.1229612706
79,0.0,16936.400894111102,3460.2344172092317,41.891,-87.648,Grand B,0.7853981633974483,0,1445596.792418014,5843.566633804317,3.141592653589793,13301.81815679776,53207.27262719104,0.0,2717.6617562007705,10870.647024803082,0.0,1135369.0657783505,4541476.263113402,0.0,4589.526501880519,18358.106007522078,0.0,538811.9098358176,694996.7093365181,788664.5829601476,118121.07283360211,324521.0116173916,456726.07232181274,44722547.77401902,52069770.150690444,56259304.54328245,240215.4699182654,769504.0161679822,1118267.1229612706
80,0.0,28075.372606374323,2632.6852006510626,41.875,-87.631,LaSalle,0.2827433388230814,0,2529616.7861835565,5321.319495073752,3.141592653589793,7938.124589428353,88201.3843269817,0.0,744.3742037021954,8270.82448557995,0.0,715232.2960684516,7947025.511871683,0.0,1504.5676409815062,16717.418233127846,0.0,540245.2278121511,692483.6461904332,788664.5829601476,107885.08206285677,324535.45953657565,456726.07232181274,45091613.44452866,51897830.04157159,56259304.54328245,217074.45875807828,772270.9683975382,1118267.1229612706
81,0.0,19467.699857506293,2344.79475120711,41.875,-87.641,Clinton B,1.0053096491487339,0,1712579.6188641763,4867.687578919271,3.141592653589793,19571.06651348251,61159.582854632834,0.0,2357.2447886618124,7366.389964568164,0.0,1721672.8157796175,5380227.549311304,0.0,4893.533292128982,15292.291537903067,0.0,535231.2826595088,684445.2913938272,788664.5829601476,102900.72994550588,310167.79503420816,456726.07232181274,44886323.09989965,51545973.274276994,56259304.54328245,207254.33720088287,735437.0358109726,1118267.1229612706
82,0.0,8741.169738845667,2145.480768175593,41.875,-87.649,UIC Halstead,1.0367255756846319,0,659264.1448193782,4363.746902207654,3.141592653589793,9062.194229661856,27461.194635338958,0.0,2224.2747845071476,6740.226619718628,0.0,683476.0000661063,2071139.394139716,0.0,4524.008019333259,13709.115210100783,0.0,485333.8814222609,666329.5813820693,788664.5829601476,80508.54300270451,275913.1521972095,456726.07232181274,41255654.44089807,50823715.96900452,56259304.54328245,161328.259108457,645646.578450774,1118267.1229612706
83,0.0,5044.241861629028,1945.9986175849303,41.876,-87.657,Racine,1.350884841043611,0,325811.9318743949,4266.457523802123,3.141592653589793,6814.189865432258,15846.953175423856,0.0,2628.8200331873054,6113.534960900711,0.0,440134.39980025374,1023568.3716284971,0.0,5763.49279386075,13403.47161362965,0.0,423567.1664644447,649259.9855935404,788664.5829601476,62916.45021119576,249246.96131147115,456726.07232181274,36401705.45593753,50081595.02313678,56259304.54328245,129214.10571639996,568823.5253846683,1118267.1229612706
84,0.0,3070.6627666983454,1820.864025116775,41.876,-87.673,Illinois Medical District,1.6336281798666925,0,176092.47057753,4846.985834215623,3.141592653589793,5016.321226545841,9646.77158951123,0.0,2974.614783136257,5720.413044492801,0.0,287669.62219779944,553210.811918845,0.0,7918.17264618931,15227.255088825596,0.0,382429.9422203444,633827.3775149867,784661.902053504,46278.49841811216,220404.89455673634,454589.87317639973,33540212.142010733,49434648.320110686,56026058.73241621,98972.05481584888,494070.6901899618,1112337.8761132206
85,14.137166941154069,2785.361507056026,1498.1452835852908,41.875,-87.688,Western BS,1.790707812546182,0,169338.05349715258,4199.272099123065,3.141592653589793,4987.768611450633,8750.471248159005,39377.120616715525,2682.7404636453957,4706.562216921747,21179.52997614786,303234.9753587144,531991.18483985,2393960.3317793244,7519.669354906878,13192.402377029612,59365.81069663325,117423.82090808444,616177.7941224681,780854.1192150898,24843.49831628062,192784.55582284753,452852.58209173835,9732710.988215987,48640215.861776516,55798810.667194024,61596.43891033258,425728.7120885452,1107544.9803619133
86,0.0,1771.2874059456337,1493.1255280061753,41.874,-87.706,Kedzie-Homan,2.199114857512855,0,100485.0760913747,4710.570517491291,3.141592653589793,3895.264451340447,5564.663501914924,0.0,3283.554532770107,4690.792189671582,0.0,220978.2237908519,315683.17684407416,0.0,10359.085612377117,14798.693731967309,0.0,65256.18004969396,575002.458377109,773630.728817342,20730.872021182808,142947.61410916463,449107.19231853547,4998904.506136912,46746204.43388566,55377995.25082074,54623.954466134885,297258.99311373907,1097520.4537423085
87,0.0,993.9750116198251,1490.6382375542628,41.874,-87.728,Pulaski B,2.356194490192345,0,46080.84369700763,4919.051449866777,3.141592653589793,2341.9984457675037,3122.664594356672,0.0,3512.2336021953815,4682.978136260509,0.0,108575.43002230402,144767.2400297387,0.0,11590.241923148766,15453.655897531688,0.0,59626.9279331094,540245.2278121511,763800.2069066182,20407.8571918056,107885.08206285677,443935.2216453904,4480973.7630841,45091613.44452866,54848269.810202576,54072.771282926566,217074.45875807828,1084249.9268264445
88,0.0,771.7330758727553,1575.488443367706,41.872,-87.745,Cicero B,2.764601535159018,0,27631.56266937812,5306.223881897256,3.141592653589793,2133.53444629081,2424.4709616941027,0.0,4355.597769159651,4949.542919499604,0.0,76390.26057460536,86807.11428932428,0.0,14669.594689790598,16669.993965671136,0.0,10278.670497150826,10278.670497150826,10278.670497150826,16493.887416588608,16493.887416588608,16493.887416588608,381541.5483963391,381541.5483963391,381541.5483963391,47580.44767723326,47580.44767723326,47580.44767723326
89,7.0685834705770345,822.3795905533163,1527.6019236500792,41.871,-87.777,Austin B,2.4818581963359367,0,29324.553775759843,4579.411029585303,3.141592653589793,2041.0295273141398,2583.5816801444807,5813.058780325082,3791.291354949493,4799.102980948725,10797.981707134632,72779.3841422635,92125.80271172595,207283.05610138338,11365.448798167476,14386.64404831326,32369.949108704834,10278.670497150826,10278.670497150826,10278.670497150826,16493.887416588608,16493.887416588608,16493.887416588608,381541.5483963391,381541.5483963391,381541.5483963391,47580.44767723326,47580.44767723326,47580.44767723326
90,14.137166941154069,827.7146802768752,1509.2086433087939,41.872,-87.792,Oak Park B,2.324778563656447,0,31089.67902296078,4117.544785703222,3.141592653589793,1924.2533455314294,2600.342358826256,11701.540614718151,3508.575902049313,4741.318786553125,21335.934539489062,72276.61934353874,97671.10722099828,439519.98249449226,9572.37985269823,12935.648449592201,58210.41802316491,10278.670497150826,10278.670497150826,10278.670497150826,16493.887416588608,16493.887416588608,16493.887416588608,381541.5483963391,381541.5483963391,381541.5483963391,47580.44767723326,47580.44767723326,47580.44767723326
91,14.137166941154069,972.1792492599426,1249.0008716615826,41.873,-87.807,Harlem S,1.9477874452256716,0,36391.1177394609,3163.9563170127185,3.141592653589793,1893.598536217435,3054.191187447476,13743.860343513641,2432.7882168983506,3923.8519627392757,17657.33383232674,70882.16225065116,114326.06814621155,514467.30665795197,6162.7143915198285,9939.861921806176,44729.378648127786,10278.670497150826,10278.670497150826,10278.670497150826,16493.887416588608,16493.887416588608,16493.887416588608,381541.5483963391,381541.5483963391,381541.5483963391,47580.44767723326,47580.44767723326,47580.44767723326
92,226.1946710584651,970.316606423427,1020.9828533023268,41.874,-87.817,Forest Park,2.356194490192345,1,37863.224982754924,2465.972129738243,3.141592653589793,2286.2546417970125,3048.339522396017,219480.4456125132,2405.6341735318015,3207.512231375735,230940.88065905296,89213.1220852803,118950.82944704039,8564459.720186908,5810.30994505713,7747.07992674284,557789.7547254845,10278.670497150826,10278.670497150826,10278.670497150826,16493.887416588608,16493.887416588608,16493.887416588608,381541.5483963391,381541.5483963391,381541.5483963391,47580.44767723326,47580.44767723326,47580.44767723326
93,21.205750411731106,1409.4726436545964,1367.8282204581317,41.887,-87.804,Harlem/Lake,2.324778563656447,0,47569.60593254469,3373.751557439684,3.141592653589793,3276.7117880283877,4427.9889027410645,29888.92509350219,3179.8977256854096,4297.159088764067,29005.823849157452,110588.80015356446,149444.32453184383,1008749.1905899461,7843.22529983833,10598.953107889634,71542.93347825504,19291.14927339825,156723.25417892617,739123.4990792031,28294.391954322444,48756.500050758,408228.38606651075,754115.8970251033,12728689.409103047,53692529.87218486,82253.48892735106,125338.89292488544,995839.3958154685
94,0.0,1433.3328676759547,1568.9881695248228,41.887,-87.794,Oak Park G,1.413716694115407,0,46533.964797081244,3822.595120481282,3.141592653589793,2026.3266032578067,4502.948007239571,0.0,2218.104768126816,4929.12170694848,0.0,65785.84287701242,146190.76194891648,0.0,5404.066536668483,12009.036748152184,0.0,24831.29923576342,293226.40543093294,744925.3904166177,31879.67984528715,58143.47939596716,414701.9100699924,1075679.4716822358,24948976.01812673,53995054.32962498,91896.66474589118,143667.15384662393,1012798.5823302831
95,14.137166941154069,1186.6031860403439,1820.5404739506255,41.887,-87.784,Ridgeland,1.5393804002589986,0,40320.32953225995,4960.490626822264,3.141592653589793,1826.6336874753874,3727.8238519905867,16775.207333957642,2802.504323477821,5719.396578526165,25737.28460336774,62068.32501394505,126670.05104886745,570015.2297199034,7636.082046598667,15583.840911425852,70127.28410141634,24831.29923576342,330078.810397371,748810.269273089,31879.67984528715,66354.29706061224,423389.8250169439,1075679.4716822358,27868211.364959303,54130036.57188044,91896.66474589118,156274.54912570812,1034950.7843731364
96,7.0685834705770345,896.6375214049526,1726.520952251657,41.887,-87.774,Austin G,1.4765485471872029,0,31244.586580558964,5287.7717160359625,3.141592653589793,1323.9288295840172,2816.86985017876,6337.95716290221,2549.29200373545,5424.02553986266,12204.057464690984,46134.14892298911,98157.76366593428,220854.96824835212,7807.651645170483,16612.024776958475,37377.05574815656,27596.8662385696,406746.2105023185,757837.9905681158,34127.612735382616,81763.65565038507,439361.8969600688,1222749.8896031145,34311991.0304874,54543375.934792005,98804.90339951892,190115.9779497015,1072766.297961193
97,0.0,896.0647021114861,1856.9795018526227,41.887,-87.766,Central G,1.382300767579509,0,30961.11660490485,5642.918677695798,3.141592653589793,1238.6309255296112,2815.070285294571,0.0,2566.9041907902943,5833.873160887033,0.0,42797.575248078654,97267.21647290605,0.0,7800.210819567648,17727.751862653746,0.0,27596.8662385696,467173.0231116209,757837.9905681158,34127.612735382616,98692.34039079549,439361.8969600688,1222749.8896031145,39081674.87488802,54543375.934792005,98804.90339951892,223730.15510498892,1072766.297961193
98,0.0,851.8132115031902,1797.8982840151502,41.887,-87.755,Laramie,1.6650441064025905,0,29421.454230241292,5608.928163064999,3.141592653589793,1418.3065675692503,2676.0501274891512,0.0,2993.579941710757,5648.2640409636915,0.0,48988.01896785683,92430.22446765438,0.0,9339.112781146885,17620.967511597893,0.0,47305.22337564031,536142.0857527427,763800.2069066182,37400.4046423745,121068.02982425934,443935.2216453904,2941170.5310231857,44465468.71123306,54848269.810202576,104565.09494797919,271250.1404732859,1084249.9268264445
99,21.205750411731106,774.7828208452954,1743.6046687025519,41.887,-87.745,Cicero G,2.261946710584651,0,26732.05245493405,5395.214090124462,3.141592653589793,1752.517453028513,2434.052018095157,16429.85112214231,3943.9408449317775,5477.695617960802,36974.44542123542,60466.478117614424,83981.21960779782,566873.2323526352,12203.686764056989,16949.56495007915,114409.56341303428,72472.13752790142,564568.1987842831,765800.1776655933,39926.92415668582,144862.92869967775,446368.802746715,5244584.922280755,46005019.13777418,54944673.02067861,108682.36841552306,330523.6346492894,1090126.4941295455
100,7.0685834705770345,1029.5171049551993,1613.3423244671058,41.885,-87.726,Pulaski G,1.9477874452256716,0,46639.24932906006,4928.715943947081,3.141592653589793,2005.2804916768173,3234.3233736722864,7277.227590762644,3142.4479244482304,5068.46439427134,11404.044887110515,90843.34429789301,146521.52306111777,329673.426887515,9600.09103670372,15484.01780113503,34839.04005255382,84228.27349265403,597580.9624468642,777020.0319870844,41060.645321984055,175161.77970092715,450959.2601898732,6300659.008001743,47656528.36640437,55573172.40266612,110410.10659754247,398445.64918870066,1102452.362411055
101,0.0,1323.0170568367769,1693.376521340895,41.885,-87.717,Conservatory-Central Park,1.6650441064025905,0,64456.79491589429,5148.683938395794,3.141592653589793,2202.8817531561763,4156.380666332408,0.0,2819.5465967791774,5319.8992392059945,0.0,107323.40649231024,202496.99338171742,0.0,8572.785847355595,16175.067636519989,0.0,92247.97979900328,604084.4045118771,777020.0319870844,41679.07580921588,180057.09311937226,450959.2601898732,7028676.900891435,48014825.502447195,55573172.40266612,111350.44501555941,411353.2462345851,1102452.362411055
102,0.0,1909.800106381521,1787.8465219226105,41.884,-87.706,Kedzie G,1.1623892818282235,0,102478.54036169838,5201.851259961823,3.141592653589793,2219.931174092281,5999.813984033191,0.0,2078.1736346367106,5616.685499018136,0.0,119119.9569338392,321945.82955091674,0.0,6046.576150244264,16342.097703362873,0.0,156723.25417892617,633028.3326778882,780854.1192150898,48756.500050758,217136.26279293193,452852.58209173835,12728689.409103047,49294396.97419694,55798810.667194024,125338.89292488544,501123.2900479568,1107544.9803619133
103,0.0,2671.9462181236204,1729.140273498634,41.884,-87.696,California G,2.0734511513692637,0,155086.1588635829,4650.78514734816,3.141592653589793,5540.149962365171,8394.166609644197,0.0,3585.2878909647065,5432.254380249555,0.0,321563.57465713256,487217.53735929163,0.0,9643.175818540112,14610.872452333502,0.0,246605.55795844938,642299.353679666,784661.902053504,49232.59947338425,233798.9069144518,454589.87317639973,21084495.345592868,49651831.589221686,56026058.73241621,127350.53732751055,544483.3859999917,1112337.8761132206
104,0.0,1913.711560645395,1555.5201356414918,41.85,-87.667,Ashland P-G,1.4451326206513047,0,101769.49562912478,4780.34925992764,3.141592653589793,2765.5670028061777,6012.10218001343,0.0,2247.932890095462,4886.81063064231,0.0,147070.4179208786,319718.299827997,0.0,6908.2386536277545,15017.910116582078,0.0,411857.3163259006,671436.462583474,788664.5829601476,83173.31499151058,276987.763435488,456726.07232181274,34884486.13527507,50993329.86626534,56259304.54328245,202168.2364080207,655650.1458659521,1118267.1229612706
105,0.0,16508.855045185464,2741.478998467946,41.886,-87.652,Morgan,1.1938052083641213,0,1439448.1020692093,4825.068200492684,3.141592653589793,19708.357137070707,51864.09772913345,0.0,3272.791906991889,8612.610281557603,0.0,1718420.6414200715,4522159.582684399,0.0,5760.191548460264,15158.39881173754,0.0,526449.8539188675,686423.2278739627,788664.5829601476,107751.32681244357,305912.41437165445,456726.07232181274,44138094.019017465,51601381.59929955,56259304.54328245,234758.90412544235,730300.9522438169,1118267.1229612706
106,0.0,33378.65658084777,3350.9005793398364,41.886,-87.642,Clinton P-G,0.7539822368615503,0,3054998.2196470937,5460.703536839292,3.141592653589793,25166.914152261106,104862.14230108795,0.0,2526.5195143113147,10527.164642963811,0.0,2303414.3912575697,9597559.963573206,0.0,4117.273467543869,17155.306114766117,0.0,541260.6846561279,698650.6635977497,788664.5829601476,112892.41537758069,329316.77201543644,456726.07232181274,45100898.666363105,52118918.139546774,56259304.54328245,239641.62355828116,789329.3006477015,1118267.1229612706
107,21.205750411731106,2773.833385556849,2184.9090539652216,41.853,-87.626,Cermak McCormick,1.9163715186897738,0,149346.8986666033,4932.0778407115795,3.141592653589793,5315.695297671976,8714.2545863475,58821.218457845636,4187.097481946369,6864.094232698965,46332.63607071802,286204.1430093263,469187.11968742014,3167013.0578900864,9451.69350190063,15494.579511312508,104588.41170135944,437143.0915366022,668759.6952598741,788664.5829601476,72904.95590853624,282199.5601407327,456726.07232181274,37749652.78570533,50962760.101017654,56259304.54328245,152182.8632228627,671718.9285177179,1118267.1229612706
108,14.137166941154069,1402.6093083959786,1683.7808233693065,41.832,-87.626,35th-Bronzeville-IIT,1.790707812546182,0,63824.60985660493,4331.354461230453,3.141592653589793,2511.663446494676,4406.427099113467,19828.9219460106,3015.15947502286,5289.753464952387,23803.890592285738,114291.2275029345,200510.92544374475,902299.1644968514,7756.190272632131,13607.351355494968,61233.08109972736,296395.41561890085,648561.170656408,784661.902053504,52867.15817027674,248027.2206849237,454589.87317639973,25543879.314335592,50103679.698765635,56026058.73241621,117004.95689541523,581598.7149347253,1112337.8761132206
109,7.0685834705770345,1279.3655806325128,1652.371254050079,41.822,-87.621,Indiana,1.1623892818282235,0,60760.63754988027,4292.386791323169,3.141592653589793,1487.1208384671747,4019.245509370742,9043.30239608417,1920.6986353088723,5191.077392726682,11679.924133635033,70627.51384503032,190885.172554136,429491.638246806,4989.424399695091,13484.930809986732,30341.094322470148,236259.0765770885,611422.2629300131,774083.0831905789,48834.73364396187,195187.4361485505,451187.9391431915,20256884.70021387,48531808.87672809,55416460.043658786,119092.98248050341,448861.2041247688,1102841.6051066732
110,0.0,909.26213311257,1834.9289602296249,41.816,-87.619,43rd,1.350884841043611,0,36231.44192658582,4451.190000072058,3.141592653589793,1228.3084321567487,2856.5312375738345,0.0,2478.777716766115,5764.599341316547,0.0,48944.50566777671,113824.43178552724,0.0,6013.045095702252,13983.825803958727,0.0,147915.80389417673,579714.8035099237,771877.9825503962,39651.1005447076,162682.09590975774,450109.4827741611,12371211.80650248,46969319.688298,55286923.4143997,102013.6847270801,371281.6636462428,1099934.602904355
111,7.0685834705770345,1056.9699159672696,1786.6619148106247,41.809,-87.619,47th G,1.4765485471872029,0,48696.66875871932,4424.637722464726,3.141592653589793,1560.6673938420518,3320.568923068195,7471.280076903439,2638.093054628334,5612.963946017731,12629.168878539895,71902.99550854346,152985.0968266882,344216.46786004846,6533.192400934985,13900.409363691457,31275.921068305775,131174.7643946171,574677.325453342,768488.6793806538,38227.11625173972,156732.35819345427,448257.4149028233,10861760.310003607,46733529.15576692,55091746.262554325,99322.67276706167,351431.39249499066,1095002.694235609
112,0.0,980.2713084885336,1726.4393574213746,41.802,-87.619,51st,1.0995574287564276,0,47038.57376740903,4399.845746914525,3.141592653589793,1077.864599445351,3079.6131412724308,0.0,1898.3192207501456,5423.769202143273,0.0,51721.61322406182,147776.03778303377,0.0,4837.883076402239,13822.523075434969,0.0,41209.75967358837,550932.9897063947,759757.679141423,36884.94053057541,134452.78003539718,442110.8873096667,2571918.9449294694,45544873.27450827,54632690.54146876,96212.84158883475,298363.7956307689,1079464.9938498698
113,0.0,1042.1478745247714,1700.5369764864859,41.795,-87.618,Garfield G,1.7592918860102842,1,52260.23576213848,4376.40279343928,3.141592653589793,1833.442299674294,3274.0041065612395,0.0,2991.740904593136,5342.394472487743,0.0,91941.00873731471,164180.37274520483,0.0,7699.369924410466,13748.87486501869,0.0,41209.75967358837,509631.0390838937,759757.679141423,36884.94053057541,112874.80963235258,442110.8873096667,2571918.9449294694,42817592.85776742,54632690.54146876,96212.84158883475,255800.36930315127,1079464.9938498698
114,7.0685834705770345,553.3463704303318,1179.7336624294744,41.779,-87.644,Halstead G,2.261946710584651,0,24909.446244169758,3760.728875123027,3.141592653589793,1251.640002408845,1738.3888922345068,3911.3750075276403,2668.494677098333,3706.242607081018,8339.04586593229,56343.83999448497,78255.33332567358,176074.49998276556,8506.568308485246,11814.678206229508,26583.025964016393,15336.168435216146,248015.21254184112,738322.8623758543,25004.07927101467,49968.454809260096,407367.63873719744,752781.8783532768,21312958.78593486,53664353.0762923,68802.21750799619,120820.72066252283,990554.1675941279
115,28.274333882308138,453.69414107760105,1203.5566105559574,41.779,-87.664,Ashland/63rd,3.015928947446201,1,15963.986994948851,4161.985656055217,3.141592653589793,1368.3092933626776,1425.3221805861226,12827.899625275104,3629.8412216659463,3781.0846059020273,34029.76145311825,48146.25049472093,50152.34426533431,451371.0983880088,12552.253018952799,13075.263561409165,117677.37205268249,15336.168435216146,236259.0765770885,728944.3208473137,25004.07927101467,48834.73364396187,388776.3994164577,752781.8783532768,20256884.70021387,53326416.04028391,68802.21750799619,119092.98248050341,941261.2010639905
116,0.0,1092.977210171666,1565.5162187743892,41.78,-87.616,King Drive,1.6336281798666925,0,57811.30145702558,4174.287680795307,3.141592653589793,1785.5183704885142,3433.6891740163733,0.0,2557.4714110281925,4918.214251977292,0.0,94442.17117496536,181619.55995185644,0.0,6819.233986217595,13113.911511956912,0.0,17847.831881710823,404056.39447374875,751213.3038942192,28019.238746037532,76930.13137535365,430523.6369389815,867073.1058562112,34648040.920550905,54220296.643866934,76558.40778062833,171346.5514574521,1051310.7182372457
117,14.137166941154069,1508.2639334095977,1700.5977357637498,41.78,-87.606,Cottage Grove,2.4818581963359367,0,88124.28527515044,4372.226952053759,3.141592653589793,3743.29720537049,4738.3508928740375,21322.579017933167,4220.642429175598,5342.585353386833,24041.634090240746,218711.97970637842,276850.6072232638,1245827.732504687,10851.247297195514,13735.756072399383,61810.90232579722,17847.831881710823,299015.36491467233,738322.8623758543,28019.238746037532,59165.49406904102,407367.63873719744,867073.1058562112,25648369.4048248,53664353.0762923,76558.40778062833,138063.7782228533,990554.1675941279
118,14.137166941154069,806.6217150104623,1377.0345117911713,41.852,-87.757,54th/Cermak,2.5132741228718345,1,29123.959903260667,4883.748138763244,3.141592653589793,2027.2614832822944,2534.076854102868,11403.345843462906,3460.865204786201,4326.081505982751,19467.36677692238,73196.49478042193,91495.61847552742,411730.28313987335,12274.197819777148,15342.747274721434,69042.36273624645,20638.81732070256,160290.85340032275,731356.040327592,24303.45555554747,46843.73728661974,392752.69697895617,990594.3767162655,13084287.845728049,53404652.20370963,82979.27073617718,132111.25088395583,951581.1742614692
119,0.0,833.6834398461599,1383.7192348850836,41.852,-87.745,Cicero P,1.9163715186897738,0,30293.660243072874,5019.648728264911,3.141592653589793,1597.6471997245,2619.093770040164,0.0,2651.7201315969796,4347.082182945868,0.0,58053.907686689585,95170.34046998293,0.0,9619.51185667422,15769.691568318392,0.0,25003.962932616207,254464.02036618444,742202.2810853658,26775.19727037752,54147.907529011456,411180.52496504626,1242699.0499099358,21572295.96159239,53879326.20152258,89704.93370027476,153393.95894624203,1000396.3760616146
120,7.0685834705770345,830.9747002820603,1473.7168601004832,41.854,-87.733,Kostner,1.8221237390820801,0,30729.283400666318,5329.073036604546,3.141592653589793,1514.1387279605585,2610.5840137251007,5873.814030881477,2685.2944754745954,4629.818061163095,10417.090637616964,55992.55676933501,96538.89098161207,217212.50470862718,9710.230487299372,16741.776702240295,37668.99758004066,25003.962932616207,360405.2337978202,748810.269273089,26775.19727037752,75480.10226677742,423389.8250169439,1242699.0499099358,30422209.350899585,54130036.57188044,89704.93370027476,192526.5592478214,1034950.7843731364
121,0.0,915.9177337507309,1583.889796747668,41.854,-87.724,Pulaski P,1.350884841043611,0,38515.61173509564,5742.436988764278,3.141592653589793,1237.2993821668806,2877.440423643908,0.0,2139.652716310071,4975.936549558304,0.0,52030.15603646211,121000.36287549329,0.0,7757.371078769784,18040.397857604148,0.0,27769.52993542238,455444.4794172289,757837.9905681158,29023.130160472985,91132.71678849656,439361.8969600688,1389769.4678308144,38746165.08181631,54543375.934792005,96613.17235390251,224325.1046709431,1072766.297961193
122,14.137166941154069,1109.8634708127283,1609.8880904439511,41.854,-87.715,Central Park,1.5707963267948966,0,52426.41317048645,5724.0078739669225,3.141592653589793,1743.3694631964686,3486.738926392937,15690.325168768217,2528.806299020209,5057.612598040418,22759.256691181876,82351.2172352317,164702.4344704634,741160.9551170853,8991.250542972308,17982.501085944616,80921.25488675076,27769.52993542238,522108.2873977372,761880.5183333111,29023.130160472985,110651.42942332992,441186.2312957924,1389769.4678308144,43844036.66728155,54758955.20352582,96613.17235390251,259667.33227625614,1077551.2309377673
123,0.0,1332.209009237824,1576.9004822835757,41.854,-87.706,Kedzie P,1.382300767579509,0,66227.9725626504,5455.621682572927,3.141592653589793,1841.5135360457812,4185.258036467684,0.0,2179.7507470570845,4953.978970584283,0.0,91546.9773085863,208061.31206496886,0.0,7541.310039443969,17139.340998736294,0.0,47477.88707249308,530492.5058030558,763800.2069066182,32295.922067464875,119597.47234847554,443935.2216453904,3108190.1092508854,44216311.783764355,54848269.810202576,102373.36390236279,281459.9832286022,1084249.9268264445
124,0.0,1531.4671189825444,1530.6021500066909,41.854,-87.695,California P,1.5393804002589986,0,79246.06490108595,5156.804208257203,3.141592653589793,2357.5104666028446,4811.245850209887,0.0,2356.1789503145837,4808.5284700297625,0.0,121989.83910638427,248958.85531915157,0.0,7938.283326164261,16200.578216661757,0.0,72644.80122475418,554750.2153723222,765800.1776655933,34822.44158177619,138258.04473727624,446368.802746715,5411604.500508456,45553323.75845384,54944673.02067861,106490.63736990666,324036.31715540186,1090126.4941295455
125,0.0,1977.079927500608,1566.9034422123752,41.854,-87.685,Western P,1.3194689145077132,0,106814.2136734259,5033.260484348865,3.141592653589793,2608.6955058342155,6211.179775795751,0.0,2067.480384034362,4922.572342938957,0.0,140938.0345696702,335566.74897540524,0.0,6641.230747718364,15812.454161234198,0.0,72644.80122475418,581305.5142440286,768488.6793806538,34822.44158177619,156579.6722185765,448257.4149028233,5411604.500508456,47024295.73188038,55091746.262554325,106490.63736990666,362124.78975386306,1095002.694235609
126,0.0,2165.686443191174,1651.6714751416205,41.8554,-87.676,Damen P,1.1623892818282235,0,118670.93392093405,4956.038741221417,3.141592653589793,2517.3707093661087,6803.704619908402,0.0,1919.8852198060308,5188.8789724487315,0.0,137941.82165423912,372815.7342006462,0.0,5760.846313121216,15569.85490032761,0.0,84400.9371895068,592822.5642613035,777020.0319870844,35956.16274707443,172019.02821943222,450959.2601898732,6467678.586229444,47444399.87785088,55573172.40266612,108218.37555192607,396677.6943057004,1102452.362411055
127,0.0,2310.648247787498,1673.8914434656613,41.858,-87.669,18th,1.382300767579509,0,127724.28093084313,4879.573738534122,3.141592653589793,3194.0108465229055,7259.1155602793315,0.0,2313.8214271473557,5258.685061698536,0.0,176553.3715692453,401257.6626573757,0.0,6745.03852423653,15329.633009628478,0.0,160290.85340032275,622430.5004887596,780854.1192150898,46843.73728661974,204109.77750440637,452852.58209173835,13084287.845728049,48795151.10828253,55798810.667194024,132111.25088395583,473101.48179451155,1107544.9803619133
128,0.0,2956.317027455118,1673.9996253686847,41.872,-87.669,Polk,1.4765485471872029,0,170739.16985250846,4554.9893885371075,3.141592653589793,4365.145611913645,9287.543855135413,0.0,2471.7417148300533,5259.024925170326,0.0,252104.67319367043,536392.9216886605,0.0,6725.662964097592,14309.92120020764,0.0,252436.75888290216,639510.3778536671,784661.902053504,50687.04232422526,228682.0361430573,454589.87317639973,21499099.46681197,49530984.088045366,56026058.73241621,141119.7611264649,531937.1485033545,1112337.8761132206
129,0.0,1943.6425097604008,1592.8889180023523,41.847,-87.648,Halstead O,2.796017461694916,1,99135.03392191793,4371.279432228343,3.141592653589793,5434.458396582612,6106.133029868103,0.0,4453.7452292748985,5004.208122780784,0.0,277183.2859114004,311441.8942824723,0.0,12222.173622458284,13732.779351076722,0.0,398764.3923811302,659342.3517561697,788664.5829601476,70331.42364661006,266176.7151116106,456726.07232181274,33989150.42151576,50563030.16170792,56259304.54328245,168189.8420053458,624050.3038150358,1118267.1229612706
130,0.0,1522.9984350441055,1440.2962981391993,41.839,-87.665,Ashland O,2.5446900494077322,0,73959.7661921351,4547.604805238742,3.141592653589793,3875.5589629202836,4784.640694963314,0.0,3665.107658073613,4524.824269226683,0.0,188204.68108564857,232351.45813043037,0.0,11572.244696529815,14286.721847567675,0.0,227398.5841786744,628415.136425095,784661.902053504,45525.260017332876,217932.27951068673,454589.87317639973,19235317.33077524,49171850.771591954,56026058.73241621,129210.17698575207,500249.0503730548,1112337.8761132206
131,21.205750411731106,1211.357766930596,1342.9835094109283,41.829,-87.681,35/Archer,3.015928947446201,1,54818.063876314125,4664.93227271573,3.141592653589793,3653.368954999773,3805.592661458097,25687.75046484216,4050.3428419753063,4219.107127057611,28478.973107638878,165327.38568753068,172216.02675784446,1162458.1806154503,14069.104279159366,14655.316957457673,98923.3894628393,96478.20385600769,598723.9726943843,774083.0831905789,37809.1861589216,180688.16894067216,451187.9391431915,7341270.257125554,47787628.06724983,55416460.043658786,113258.15915409445,411165.4747879008,1102841.6051066732
132,14.137166941154069,924.5907499821938,1270.4712599882403,41.804,-87.684,Western O,3.0473448739820994,1,38285.97694779181,4529.7449326665455,3.141592653589793,2817.546882489503,2904.687507721137,13071.093784745117,3871.5640816667433,3991.3031769760237,17960.86429639211,116670.5755972502,120278.94391469091,541255.2476161091,13803.695001007787,14230.613403100811,64037.76031395365,41843.81420341629,552957.8675540921,765800.1776655933,31228.380904733105,131593.53293694442,446368.802746715,2487186.0648738155,45561994.631578565,54944673.02067861,99696.36842873732,299737.2795359506,1090126.4941295455
133,14.137166941154069,910.5799921517422,1206.368632255852,41.804,-87.704,Kedzie O,2.8588493147667116,1,34869.9982323532,4382.987018039307,3.141592653589793,2603.2109866032856,2860.6714138497646,12873.021362323942,3448.8261376806972,3789.918832616151,17054.63474677268,99688.07055247939,109547.33027744989,492962.9862485245,12530.299433153066,13769.559816651721,61963.01917493275,41843.81420341629,509600.0483092189,759757.679141423,31228.380904733105,109834.03962786365,442110.8873096667,2487186.0648738155,42516862.18457523,54632690.54146876,99696.36842873732,252372.19343349343,1079464.9938498698
134,7.0685834705770345,920.8151197256254,1211.2223563196837,41.8,-87.724,Pulaski O,2.9216811678385075,1,36192.25911340687,4413.179974389126,3.141592653589793,2690.3281943633206,2892.8260154444306,6508.858534749969,3538.8055485242025,3805.1672564776372,8561.626327074684,105742.24187317246,113701.33534749727,255828.00453186885,12893.904821454737,13864.41378651047,31194.931019648557,23797.581709210706,443447.06839020795,753589.3221293902,26549.776602141603,90105.45429071123,436741.7602289282,1068544.3688098835,37159201.76532282,54307762.26789386,89493.62812243153,213021.81002044992,1066186.6575330137
135,212.05750411731103,884.4822666294082,1143.7670326170412,41.787,-87.738,Midway,3.078760800517997,1,37589.19110667218,4028.3110875589364,3.141592653589793,2723.1093312519292,2778.6829910733973,187561.10189745433,3521.385104946136,3593.250107087894,242544.38222843283,115728.12810240203,118089.9266351041,7971070.047869527,12402.206268668475,12655.312519049465,854233.5950358388,18363.123312628097,370160.29923414695,740610.0940326011,22096.0313728667,70361.84279759614,413403.8335525519,791361.0828984834,31327131.64811756,53741281.41086107,77271.45449997325,173970.77679986588,1003086.8577803072
